project_id,title,category,organization,created_at,Authentication,Authorization & Role Management,User Management,User Profiles,Administration Panel,Dashboard,Settings & Configuration,Content Management,Rich Text Editing,Media Management,Forms & Data Collection,File Upload & Storage,Document Management,Search,Filtering & Sorting,Import & Export,Reporting,Analytics,Data Processing,Data Migration,Notifications,Messaging & Chat,Email Services,SMS Services,Video & Voice Communication,Scheduling & Calendar,Workflow Automation,Task Management,Approval Workflow,Payment Processing,Wallet & Balance Management,Shopping Cart & Checkout,Order Management,Inventory Management,Product Catalog,Pricing & Discount Rules,Marketplace,Booking & Reservation,Subscription Management,External API Integration,Payment Gateway Integration,Social Authentication,Map & Geolocation Integration,Hardware Integration,Image Processing,Video Processing,Audio Processing,Streaming,Document Processing,Artificial Intelligence Integration,Recommendation & Personalization,Machine Learning Pipeline,Real-time Updates,Background Jobs,Caching,Offline Support,Data Synchronization,Multi-tenancy,Plugin / Extension System,Localization & Internationalization,Accessibility,Responsive Design,SEO,Security,Audit Logs,Monitoring & Logging,Backup & Recovery,Mobile Application,Web Application,Desktop Application,Browser Extension,Social Features,Comments & Reviews,Gamification,Visualization & Charts,Maps & Spatial Analysis,Scientific & Mathematical Computation,Optimization & Simulation,Web Scraping & Crawling,Bots & Automation,Code Generation & Development Tools,WordPress,WooCommerce,Joomla,Custom Development,external_api_count,estimated_screens,crud_modules,real_time,mobile,web,admin_panel,offline,ai_level,business_logic,data_volume,integration_complexity,ui_complexity,algorithmic_complexity
a6ae2518-7cb9-4915-8629-13090f989342,ساخت بات فروشگاهی تلگرام,پروژه‌های برنامه نویسی,Karlancer,2026-06-25T08:48:44.751434,1,0,1,0,1,0,0,1,0,0,0,0,0,0,0,0,0,0,0,0,1,1,0,0,0,0,0,0,0,0,0,0,1,0,1,0,0,0,0,0,0,0,0,0,0,0,0,0,0,0,0,0,0,0,0,0,0,0,0,0,0,0,0,0,0,0,0,0,0,0,0,0,0,0,0,0,0,0,0,1,0,0,0,0,1,1,8,3,0,0,1,1,0,none,medium,small,low,low,low
2e8ba95c-7051-4099-9e4f-02c85b549ae5,ساخت ربات تلگرام,پروژه‌های برنامه نویسی,Karlancer,2026-06-25T08:48:46.121224,0,0,0,0,0,0,0,0,0,0,0,0,0,0,0,0,0,0,0,0,1,1,0,0,0,0,0,0,0,1,0,0,1,0,0,0,0,0,0,0,0,0,0,0,0,0,0,0,0,0,0,0,0,0,0,0,0,0,0,0,0,0,0,0,0,0,0,0,0,0,0,0,0,0,0,0,0,0,0,1,0,0,0,0,1,1,3,1,0,0,0,0,0,none,low,small,low,low,low
a98fc127-57f1-4760-ada5-0f23b9179737,رفع مشکل قالب سایت,پروژه‌های برنامه نویسی,Karlancer,2026-06-25T08:48:47.684639,0,0,0,0,0,0,1,0,0,0,0,0,0,0,0,0,0,0,0,0,0,0,0,0,0,0,0,0,0,0,0,0,0,0,0,0,0,0,0,0,0,0,0,0,0,0,0,0,0,0,0,0,0,0,0,0,0,0,0,0,0,0,0,1,0,1,0,0,1,0,0,0,0,0,0,0,0,0,0,0,0,1,0,0,0,0,3,0,0,0,1,1,0,none,low,small,low,low,low
aa8681b2-e098-43ca-a650-5d33d8e3cf40,تکمیل و ویرایش سایت وردپرس,پروژه‌های برنامه نویسی,Karlancer,2026-06-25T08:48:49.014853,1,0,0,0,1,0,1,0,0,0,0,0,0,0,0,0,0,0,0,0,1,0,0,1,0,0,0,0,0,0,0,0,1,1,1,1,0,0,0,0,0,0,0,0,1,0,0,0,0,0,0,0,0,0,0,0,0,0,1,0,0,0,0,1,0,0,0,0,0,0,0,0,0,0,0,0,0,0,0,0,0,1,1,0,0,1,8,2,0,0,1,1,0,none,medium,small,low,low,low
40035390-96b0-4631-9f6d-3fdeece3432a,طراحی صفحه محاسبه درصد آنلاین در سایت وردپرسی,پروژه‌های برنامه نویسی,Karlancer,2026-06-25T08:48:50.462141,0,0,0,0,0,0,0,0,0,0,1,0,0,0,0,0,0,0,1,0,0,0,0,0,0,0,0,0,0,0,0,0,0,0,0,0,0,0,0,0,0,0,0,0,0,0,0,0,0,0,0,0,0,0,0,0,0,0,0,0,0,1,0,0,0,0,0,0,1,0,0,0,0,0,0,0,0,0,0,0,0,1,0,0,0,0,1,0,0,0,1,0,0,none,low,small,low,low,low
e037bd85-d7c5-450e-af9f-b8671b310a4f,اصلاح و بهبود ظاهری وب‌سایت,پروژه‌های برنامه نویسی,Karlancer,2026-06-25T08:48:51.970069,0,0,0,0,0,0,0,0,0,0,0,0,0,0,0,0,0,0,0,0,0,0,0,0,0,0,0,0,0,0,0,0,0,0,1,0,0,0,0,0,0,0,0,0,0,0,0,0,0,0,0,0,0,0,0,0,0,0,0,0,0,1,0,0,0,0,0,0,0,0,0,0,0,0,0,0,0,0,0,0,0,0,0,0,0,0,3,0,0,0,1,0,0,none,low,small,low,low,low
69213115-eb84-447c-82de-b3edbd84d359,نصب و راه‌اندازی گواهینامه SSL و تنظیم رکوردها,پروژه‌های برنامه نویسی,Karlancer,2026-06-25T08:48:55.273818,0,0,0,0,0,0,1,0,0,0,0,0,0,0,0,0,0,0,0,0,0,0,0,0,0,0,0,0,0,0,0,0,0,0,0,0,0,0,0,0,0,0,0,0,0,0,0,0,0,0,0,0,0,0,0,0,0,0,0,0,0,0,0,1,0,0,0,0,0,0,0,0,0,0,0,0,0,0,0,0,0,0,0,0,0,0,0,0,0,0,0,0,0,none,low,small,low,low,low
49990b34-8f32-45da-8a51-cb6e583016ba,مشکل sslسایت,پروژه‌های برنامه نویسی,Karlancer,2026-06-25T08:48:56.938508,0,0,0,0,0,0,0,0,0,0,0,0,0,0,0,0,0,0,0,0,0,0,0,0,0,0,0,0,0,0,0,0,0,0,0,0,0,0,0,0,0,0,0,0,0,0,0,0,0,0,0,0,0,0,0,0,0,0,0,0,0,0,0,1,0,0,0,0,0,0,0,0,0,0,0,0,0,0,0,0,0,0,0,0,0,0,0,0,0,0,1,0,0,none,low,small,low,low,low
66f5a903-a1dc-4e02-97bf-6949aab9dfd6,بهینه‌سازی وردپرس (لوکال کردن فونت و حذف درخواست‌های خارجی),پروژه‌های برنامه نویسی,Karlancer,2026-06-25T08:48:58.527912,0,0,0,0,0,0,1,0,0,0,0,0,0,0,0,0,0,0,0,0,0,0,0,0,0,0,0,0,0,0,0,0,0,0,0,0,0,0,0,0,0,0,0,0,0,0,0,0,0,0,0,0,0,0,0,0,0,0,0,0,0,0,0,1,0,1,0,0,1,0,0,0,0,0,0,0,0,0,0,0,0,1,0,0,0,0,2,0,0,0,1,0,0,none,low,small,low,low,low
e2ff32b1-9cdc-475c-a5f2-c5e3e3ec3ac2,طراحی منوی سایت وردپرس,پروژه‌های برنامه نویسی,Karlancer,2026-06-25T08:49:00.099190,0,0,0,0,0,0,1,1,0,0,0,0,0,0,0,0,0,0,0,0,0,0,0,0,0,0,0,0,0,0,0,0,0,0,0,0,0,0,0,0,0,0,0,0,0,0,0,0,0,0,0,0,0,0,0,0,0,0,0,0,0,0,0,0,0,0,0,0,0,0,0,0,0,0,0,0,0,0,0,0,0,1,0,0,0,0,2,0,0,0,1,1,0,none,low,small,low,low,low
664879a2-e7a9-4339-96fe-4c369d23cd70,قسمت سرچ سایت وردپرس,پروژه‌های برنامه نویسی,Karlancer,2026-06-25T08:49:03.438426,0,0,0,0,0,0,0,0,0,0,0,0,0,1,0,0,0,0,0,0,0,0,0,0,0,0,0,0,0,0,0,0,0,0,0,0,0,0,0,0,0,0,0,0,0,0,0,0,0,0,0,0,0,0,0,0,0,0,0,0,0,0,0,0,0,0,0,0,0,0,0,0,0,0,0,0,0,0,0,0,0,1,0,0,0,0,1,0,0,0,1,0,0,none,low,small,low,low,low
